Class Name,Function Name,Error Message
org.apache.commons.jexl2,Expression,[Errno 2] No such file or directory: '../inputs/html_files/org.apache.commons.jexl2_Expression.html'
org.apache.commons.jexl2,Expression,[Errno 2] No such file or directory: '../inputs/html_files/org.apache.commons.jexl2_Expression.html'
org.apache.commons.jexl2,JexlEngine,[Errno 2] No such file or directory: '../inputs/html_files/org.apache.commons.jexl2_JexlEngine.html'
org.apache.commons.jexl2,JexlEngine,[Errno 2] No such file or directory: '../inputs/html_files/org.apache.commons.jexl2_JexlEngine.html'
org.apache.commons.jexl2,JexlEngine,[Errno 2] No such file or directory: '../inputs/html_files/org.apache.commons.jexl2_JexlEngine.html'
org.apache.commons.jexl2,JexlEngine,[Errno 2] No such file or directory: '../inputs/html_files/org.apache.commons.jexl2_JexlEngine.html'
org.apache.commons.jexl2,JexlExpression,[Errno 2] No such file or directory: '../inputs/html_files/org.apache.commons.jexl2_JexlExpression.html'
org.apache.commons.jexl2,JexlExpression,[Errno 2] No such file or directory: '../inputs/html_files/org.apache.commons.jexl2_JexlExpression.html'
org.apache.commons.jexl2,JexlScript,[Errno 2] No such file or directory: '../inputs/html_files/org.apache.commons.jexl2_JexlScript.html'
org.apache.commons.jexl2,JexlScript,[Errno 2] No such file or directory: '../inputs/html_files/org.apache.commons.jexl2_JexlScript.html'
org.apache.commons.jexl2,Script,[Errno 2] No such file or directory: '../inputs/html_files/org.apache.commons.jexl2_Script.html'
org.apache.commons.jexl2,Script,[Errno 2] No such file or directory: '../inputs/html_files/org.apache.commons.jexl2_Script.html'
org.apache.commons.jexl2,UnifiedJEXL$Expression,[Errno 2] No such file or directory: '../inputs/html_files/org.apache.commons.jexl2_UnifiedJEXL$Expression.html'
org.apache.commons.jexl2,UnifiedJEXL$Expression,[Errno 2] No such file or directory: '../inputs/html_files/org.apache.commons.jexl2_UnifiedJEXL$Expression.html'
org.apache.commons.jexl2,UnifiedJEXL$Template,[Errno 2] No such file or directory: '../inputs/html_files/org.apache.commons.jexl2_UnifiedJEXL$Template.html'
org.apache.commons.jexl3,Expression,[Errno 2] No such file or directory: '../inputs/html_files/org.apache.commons.jexl3_Expression.html'
org.apache.commons.jexl3,Expression,[Errno 2] No such file or directory: '../inputs/html_files/org.apache.commons.jexl3_Expression.html'
org.apache.commons.jexl3,JexlEngine,[Errno 2] No such file or directory: '../inputs/html_files/org.apache.commons.jexl3_JexlEngine.html'
org.apache.commons.jexl3,JexlEngine,[Errno 2] No such file or directory: '../inputs/html_files/org.apache.commons.jexl3_JexlEngine.html'
org.apache.commons.jexl3,JexlEngine,[Errno 2] No such file or directory: '../inputs/html_files/org.apache.commons.jexl3_JexlEngine.html'
org.apache.commons.jexl3,JexlEngine,[Errno 2] No such file or directory: '../inputs/html_files/org.apache.commons.jexl3_JexlEngine.html'
org.apache.commons.jexl3,JexlExpression,[Errno 2] No such file or directory: '../inputs/html_files/org.apache.commons.jexl3_JexlExpression.html'
org.apache.commons.jexl3,JexlExpression,[Errno 2] No such file or directory: '../inputs/html_files/org.apache.commons.jexl3_JexlExpression.html'
org.apache.commons.jexl3,JexlScript,[Errno 2] No such file or directory: '../inputs/html_files/org.apache.commons.jexl3_JexlScript.html'
org.apache.commons.jexl3,JexlScript,[Errno 2] No such file or directory: '../inputs/html_files/org.apache.commons.jexl3_JexlScript.html'
org.apache.commons.jexl3,JxltEngine$Expression,[Errno 2] No such file or directory: '../inputs/html_files/org.apache.commons.jexl3_JxltEngine$Expression.html'
org.apache.commons.jexl3,JxltEngine$Expression,[Errno 2] No such file or directory: '../inputs/html_files/org.apache.commons.jexl3_JxltEngine$Expression.html'
org.apache.commons.jexl3,JxltEngine$Template,[Errno 2] No such file or directory: '../inputs/html_files/org.apache.commons.jexl3_JxltEngine$Template.html'
org.apache.commons.jexl3,Script,[Errno 2] No such file or directory: '../inputs/html_files/org.apache.commons.jexl3_Script.html'
org.apache.commons.jexl3,Script,[Errno 2] No such file or directory: '../inputs/html_files/org.apache.commons.jexl3_Script.html'
org.apache.commons.lang3,RegExUtils,[Errno 2] No such file or directory: '../inputs/html_files/org.apache.commons.lang3_RegExUtils.html'
org.apache.commons.lang3,RegExUtils,[Errno 2] No such file or directory: '../inputs/html_files/org.apache.commons.lang3_RegExUtils.html'
org.apache.commons.lang3,RegExUtils,[Errno 2] No such file or directory: '../inputs/html_files/org.apache.commons.lang3_RegExUtils.html'
org.apache.commons.lang3,RegExUtils,[Errno 2] No such file or directory: '../inputs/html_files/org.apache.commons.lang3_RegExUtils.html'
org.apache.commons.lang3,RegExUtils,[Errno 2] No such file or directory: '../inputs/html_files/org.apache.commons.lang3_RegExUtils.html'
org.apache.commons.lang3,RegExUtils,[Errno 2] No such file or directory: '../inputs/html_files/org.apache.commons.lang3_RegExUtils.html'
org.apache.commons.ognl.enhance,ExpressionAccessor,[Errno 2] No such file or directory: '../inputs/html_files/org.apache.commons.ognl.enhance_ExpressionAccessor.html'
org.apache.commons.ognl.enhance,ExpressionAccessor,[Errno 2] No such file or directory: '../inputs/html_files/org.apache.commons.ognl.enhance_ExpressionAccessor.html'
org.apache.commons.ognl,Node,[Errno 2] No such file or directory: '../inputs/html_files/org.apache.commons.ognl_Node.html'
org.apache.commons.ognl,Node,[Errno 2] No such file or directory: '../inputs/html_files/org.apache.commons.ognl_Node.html'
org.apache.commons.ognl,Ognl,[Errno 2] No such file or directory: '../inputs/html_files/org.apache.commons.ognl_Ognl.html'
org.apache.commons.ognl,Ognl,[Errno 2] No such file or directory: '../inputs/html_files/org.apache.commons.ognl_Ognl.html'
